SNPID	rsID	CHR	POS	EA	NEA	STATUS	EAF	RAF	BETA	SE	P	STRAND	ALLELE_FLIPPED
3:124765582:G:T	rs1877567	3	124765582	T	G	3880000	0.234164		0.0270464	0.123655	0.826864		False
7:6619878:A:G		7	6619878	G	A	3860000	0.26999	0.31	0.145578	0.116979	0.213321		False
7:6620077:G:A		7	6620077	A	G	3860000	0.267708	0.31	0.140539	0.117754	0.232674		False
7:6620309:A:G		7	6620309	G	A	3860000	0.269151	0.31	0.141402	0.117567	0.229081		False
7:30668923:A:G	rs2008003	7	30668923	G	A	3880000	0.378112		-0.133242	0.109822	0.225037		False
7:65888637:G:T	rs10950018	7	65888637	T	G	3880000	0.412253		0.0334106	0.108522	0.758181		False
10:102668068:C:T	rs10883763	10	102668068	T	C	3880000	0.445483		0.0973223	0.108981	0.371847		False
11:47433036:G:T	rs4357651	11	47433036	T	G	3880000	0.297906		-0.0400793	0.118088	0.734306		False
12:74509751:T:G	rs2605361	12	74509751	G	T	3880000	0.480829		0.0179315	0.103611	0.862599		False
13:24912965:T:C	rs35498994	13	24912965	C	T	3880000	0.262201		-0.0821816	0.120666	0.49583		False
17:7008900:T:G	rs12325805	17	7008900	G	T	3880000	0.129668		0.268405	0.159393	0.0921977		False
17:15517646:T:G	rs7215138	17	15517646	G	T	3880000	0.238565		-0.116751	0.124437	0.348122		False
17:40675163:T:G	rs11078951	17	40675163	G	T	3880000	0.1639		0.108894	0.146169	0.456281		False
17:82051280:T:G	rs28552909	17	82051280	G	T	3880000	0.231257		-0.133097	0.12514	0.287519		False
22:23334296:T:G	rs5751835	22	23334296	G	T	3880000	0.236025		0.12832	0.127104	0.312704		False
