"Gene","Cluster","Cluster_Correlation","Cluster_chr","Distance","TranscriptID","GeneName"
"ENST00000681683.1|ADAR|chr1:154584365-154585043|-",1,0.999999999664976,"1",0.0623447587765507,"ENST00000681683.1","ADAR"
"ENST00000681202.1|SPECC1|chr17:20236860-20238866|+",2,0.999999999957028,"2",0.0562238667306203,"ENST00000681202.1","SPECC1"
"ENST00000477438.1|PARVB|chr22:44168602-44168927|+",3,0.999999970644372,"3",0.114264428863633,"ENST00000477438.1","PARVB"
"ENST00000464133.1|SETX|chr9:132274923-132275420|-",4,0.999999999999994,"4",0.0436679249380025,"ENST00000464133.1","SETX"
